{
  "total_images": 162,
  "total_cases": 17,
  "total_cells": 23496,
  "cells_per_image_mean": 145.03703703703704,
  "cells_per_image_std": 49.65285526196147,
  "class_counts": {
    "Tumor_nuclei": 20117,
    "Apoptosis": 263,
    "Non_tubule": 601,
    "Mitosis": 112,
    "Non_tumor_nuclei": 1917,
    "Tubule": 486
  },
  "class_area_stats": {
    "Tumor_nuclei": {
      "mean": 1570.6545254744995,
      "std": 831.3334635751619,
      "median": 1332.02763210752,
      "min": 0.0,
      "max": 11544.015567749118,
      "count": 20117
    },
    "Apoptosis": {
      "mean": 1595.5214290579563,
      "std": 873.3270348511916,
      "median": 1399.9804160409599,
      "min": 524.99471990784,
      "max": 6105.986495938561,
      "count": 263
    },
    "Non_tubule": {
      "mean": 21716.47579956372,
      "std": 26686.163364504846,
      "median": 9588.013056,
      "min": 1043.9837118464,
      "max": 193137.0467519693,
      "count": 601
    },
    "Mitosis": {
      "mean": 2431.0200152832003,
      "std": 1383.2142210671373,
      "median": 1926.99235201024,
      "min": 841.0092797952001,
      "max": 6764.004543938559,
      "count": 112
    },
    "Non_tumor_nuclei": {
      "mean": 1465.8224982320048,
      "std": 972.0111253116179,
      "median": 1230.00284798976,
      "min": 399.01540810752,
      "max": 15664.01721597952,
      "count": 1917
    },
    "Tubule": {
      "mean": 12420.033022709,
      "std": 18621.678649405658,
      "median": 7064.01177587712,
      "min": 417.98361612288005,
      "max": 285446.617520128,
      "count": 486
    }
  }
}