{
  "gcn": {
    "Mitosis_Nearby": {
      "AUC": NaN,
      "F1": 0.0
    },
    "Apoptosis_Nearby": {
      "AUC": 0.9950152465081913,
      "F1": 0.8405797101449275
    },
    "Tubule_Nearby": {
      "AUC": 0.9296605523930002,
      "F1": 0.8513023409165842
    }
  },
  "gat": {
    "Mitosis_Nearby": {
      "AUC": NaN,
      "F1": 0.0
    },
    "Apoptosis_Nearby": {
      "AUC": 0.9947156466486171,
      "F1": 0.8372093023255814
    },
    "Tubule_Nearby": {
      "AUC": 0.954447556800498,
      "F1": 0.8756648936170213
    }
  },
  "gin": {
    "Mitosis_Nearby": {
      "AUC": NaN,
      "F1": 0.0
    },
    "Apoptosis_Nearby": {
      "AUC": 0.7276490233595989,
      "F1": 0.4375
    },
    "Tubule_Nearby": {
      "AUC": 0.8709350119976306,
      "F1": 0.5775635407537248
    }
  },
  "sage": {
    "Mitosis_Nearby": {
      "AUC": NaN,
      "F1": 0.0
    },
    "Apoptosis_Nearby": {
      "AUC": 0.9833363660926481,
      "F1": 0.8294117647058824
    },
    "Tubule_Nearby": {
      "AUC": 0.939035972812064,
      "F1": 0.7810871183916605
    }
  }
}