task,Trad_AUC,Topo_AUC,Comb_AUC,Trad_vs_Topo_p,Trad_vs_Comb_p,ResNet_AUC,Trad_vs_ResNet_p,ResNet_vs_Comb_p
Mitosis,0.8543543543543544,0.7874050521109345,0.8527645292351176,0.1317365269461078,0.9101796407185628,0.8055113937466879,0.2954091816367265,0.2994011976047904
Apoptosis,0.6667690417690417,0.6785165847665848,0.6938728501228503,0.7884231536926147,0.3373253493013972,0.7604422604422604,0.029940119760479042,0.12574850299401197
Tubule,0.8921757255090589,0.7344877344877345,0.8876863876863877,0.001996007984031936,0.7664670658682635,0.8872855539522205,0.8982035928143712,0.9900199600798403
