{
  "topognn": {
    "Mitosis": {
      "AUC": NaN,
      "F1": 0.0
    },
    "Apoptosis": {
      "AUC": 0.1710526315789474,
      "F1": 0.0
    },
    "Tubule": {
      "AUC": 0.6444444444444444,
      "F1": 0.0
    }
  },
  "rf_baseline": {
    "Mitosis": {
      "AUC": NaN,
      "F1": 0.0
    },
    "Apoptosis": {
      "AUC": 0.5921052631578948,
      "F1": 0.3333333333333333
    },
    "Tubule": {
      "AUC": 0.6777777777777778,
      "F1": 0.7647058823529411
    }
  }
}