{
  "gcn": {
    "Mitosis_Nearby": {
      "AUC": NaN,
      "F1": 0.0
    },
    "Apoptosis_Nearby": {
      "AUC": 0.8742801791717444,
      "F1": 0.1111111111111111
    },
    "Tubule_Nearby": {
      "AUC": 0.6603596277220566,
      "F1": 0.2524778299426187
    }
  },
  "gat": {
    "Mitosis_Nearby": {
      "AUC": NaN,
      "F1": 0.0
    },
    "Apoptosis_Nearby": {
      "AUC": 0.910090633552611,
      "F1": 0.16080402010050251
    },
    "Tubule_Nearby": {
      "AUC": 0.5561045350039657,
      "F1": 0.20583717357910905
    }
  },
  "gin": {
    "Mitosis_Nearby": {
      "AUC": NaN,
      "F1": 0.0
    },
    "Apoptosis_Nearby": {
      "AUC": 0.836629850806622,
      "F1": 0.1288135593220339
    },
    "Tubule_Nearby": {
      "AUC": 0.6753033543166371,
      "F1": 0.5760163990433891
    }
  },
  "sage": {
    "Mitosis_Nearby": {
      "AUC": NaN,
      "F1": 0.0
    },
    "Apoptosis_Nearby": {
      "AUC": 0.8707419599712533,
      "F1": 0.1553398058252427
    },
    "Tubule_Nearby": {
      "AUC": 0.6510655301547142,
      "F1": 0.30747793776126336
    }
  }
}