{
  "gcn": {
    "Full Graph": {
      "Mitosis_Nearby": {
        "AUC": 0.9735164809753979,
        "F1": 0.7848275862068965
      },
      "Apoptosis_Nearby": {
        "AUC": 0.8929677811413702,
        "F1": 0.7470686767169179
      },
      "Tubule_Nearby": {
        "AUC": 0.940009951945848,
        "F1": 0.7959229898074746
      }
    },
    "No Edges (MLP)": {
      "Mitosis_Nearby": {
        "AUC": 0.6349354925174707,
        "F1": 0.15362731152204837
      },
      "Apoptosis_Nearby": {
        "AUC": 0.5969336844144857,
        "F1": 0.1794871794871795
      },
      "Tubule_Nearby": {
        "AUC": 0.6197653640838378,
        "F1": 0.5449221759901371
      }
    },
    "Random Edges": {
      "Mitosis_Nearby": {
        "AUC": 0.7160667648291651,
        "F1": 0.25622775800711745
      },
      "Apoptosis_Nearby": {
        "AUC": 0.6344728946931489,
        "F1": 0.10755813953488372
      },
      "Tubule_Nearby": {
        "AUC": 0.748635800260883,
        "F1": 0.6068990961077292
      }
    }
  },
  "gat": {
    "Full Graph": {
      "Mitosis_Nearby": {
        "AUC": 0.9828197715034983,
        "F1": 0.7522281639928698
      },
      "Apoptosis_Nearby": {
        "AUC": 0.9613038327459423,
        "F1": 0.7687400318979266
      },
      "Tubule_Nearby": {
        "AUC": 0.968869995931472,
        "F1": 0.9179554390563565
      }
    },
    "No Edges (MLP)": {
      "Mitosis_Nearby": {
        "AUC": 0.6458574546340419,
        "F1": 0.15362731152204837
      },
      "Apoptosis_Nearby": {
        "AUC": 0.5827498210100086,
        "F1": 0.1794871794871795
      },
      "Tubule_Nearby": {
        "AUC": 0.6250138699817058,
        "F1": 0.5561333741205261
      }
    },
    "Random Edges": {
      "Mitosis_Nearby": {
        "AUC": 0.843847370668303,
        "F1": 0.41455490578297594
      },
      "Apoptosis_Nearby": {
        "AUC": 0.6734390735893955,
        "F1": 0.2194787379972565
      },
      "Tubule_Nearby": {
        "AUC": 0.7051618493967811,
        "F1": 0.5849276326734321
      }
    }
  }
}