task,Finetuned_ResNet50_AUC
Mitosis,0.7538420773714891
Apoptosis,0.6696099508599507
Tubule,0.709555876222543
