{
  "k=4": {
    "Mitosis_Nearby": {
      "AUC": 0.9803082250337822,
      "F1": 0.837431693989071
    },
    "Apoptosis_Nearby": {
      "AUC": 0.9257147799025515,
      "F1": 0.7756360832690825
    },
    "Tubule_Nearby": {
      "AUC": 0.895223724863887,
      "F1": 0.7275064267352185
    }
  },
  "k=8": {
    "Mitosis_Nearby": {
      "AUC": 0.986499888126018,
      "F1": 0.7876496534341525
    },
    "Apoptosis_Nearby": {
      "AUC": 0.9738937032162744,
      "F1": 0.8169611307420495
    },
    "Tubule_Nearby": {
      "AUC": 0.9577268413982378,
      "F1": 0.910522172658095
    }
  },
  "k=16": {
    "Mitosis_Nearby": {
      "AUC": 0.9820236260914227,
      "F1": 0.78287841191067
    },
    "Apoptosis_Nearby": {
      "AUC": 0.9546578493671727,
      "F1": 0.7782874617737003
    },
    "Tubule_Nearby": {
      "AUC": 0.9520347955725671,
      "F1": 0.873575993331481
    }
  },
  "k=32": {
    "Mitosis_Nearby": {
      "AUC": 0.9728794343703578,
      "F1": 0.7149972329828445
    },
    "Apoptosis_Nearby": {
      "AUC": 0.9556444811501836,
      "F1": 0.7592867756315007
    },
    "Tubule_Nearby": {
      "AUC": 0.9066458513368566,
      "F1": 0.7762607968793536
    }
  }
}