{
  "Mitosis_Nearby": {
    "AUC_mean": 0.9842881378730395,
    "AUC_std": 0.00014621096028985588,
    "CI_low": 0.9786510543364847,
    "CI_high": 0.9889775045276651,
    "F1_mean": 0.791548567634225,
    "F1_std": 0.021114733718644054,
    "n_pos": 649.0,
    "n_neg": 4731.0
  },
  "Apoptosis_Nearby": {
    "AUC_mean": 0.9443481688996541,
    "AUC_std": 0.0022205330646915887,
    "CI_low": 0.9316592710365045,
    "CI_high": 0.9554776938163139,
    "F1_mean": 0.7612455479306265,
    "F1_std": 0.008450115935201383,
    "n_pos": 639.0,
    "n_neg": 4741.0
  },
  "Tubule_Nearby": {
    "AUC_mean": 0.9226328052932092,
    "AUC_std": 0.025032139687681695,
    "CI_low": 0.9144756077918558,
    "CI_high": 0.9302192790917495,
    "F1_mean": 0.8369153622369739,
    "F1_std": 0.04170803017341382,
    "n_pos": 1943.0,
    "n_neg": 3437.0
  }
}